"","Elevation","Date","Group","Upper","Lower","Acres","Acre.Feet"
"1",-240.8,2023-10-01,"Projection",-240.6,-241,NA,NA
"2",-240.9,2023-11-01,"Projection",-240.6,-241.2,NA,NA
"3",-240.8,2023-12-01,"Projection",-240.4,-241.2,NA,NA
"4",-240.6,2024-01-01,"Projection",-240.2,-241.1,NA,NA
"5",-240.5,2024-02-01,"Projection",-240,-240.9,NA,NA
"6",-240.3,2024-03-01,"Projection",-239.8,-240.8,NA,NA
"7",-240.2,2024-04-01,"Projection",-239.6,-240.8,NA,NA
"8",-240.3,2024-05-01,"Projection",-239.6,-240.9,NA,NA
"9",-240.4,2024-06-01,"Projection",-239.7,-241.1,NA,NA
"10",-240.7,2024-07-01,"Projection",-239.9,-241.4,NA,NA
"11",-241,2024-08-01,"Projection",-240.2,-241.7,199018.318869226,4557973.12119287
"12",-241.3,2024-09-01,"Projection",-240.5,-242,NA,NA
"13",-241.5,2024-10-01,"Projection",-240.7,-242.3,NA,NA
"14",-241.6,2024-11-01,"Projection",-240.7,-242.4,NA,NA
"15",-241.5,2024-12-01,"Projection",-240.6,-242.4,NA,NA
"16",-241.3,2025-01-01,"Projection",-240.4,-242.3,NA,NA
"17",-241.1,2025-02-01,"Projection",-240.2,-242.1,NA,NA
"18",-241,2025-03-01,"Projection",-240,-242,199018.318869226,4557973.12119287
"19",-240.9,2025-04-01,"Projection",-239.9,-241.9,NA,NA
"20",-240.9,2025-05-01,"Projection",-239.9,-242,NA,NA
"21",-241.1,2025-06-01,"Projection",-240,-242.2,NA,NA
"22",-241.3,2025-07-01,"Projection",-240.2,-242.5,NA,NA
"23",-241.6,2025-08-01,"Projection",-240.5,-242.8,NA,NA
"24",-241.9,2025-09-01,"Projection",-240.7,-243.1,NA,NA
"25",-242.2,2025-10-01,"Projection",-240.9,-243.4,NA,NA
"26",-242.2,2025-11-01,"Projection",-241,-243.5,NA,NA
"27",-242.2,2025-12-01,"Projection",-240.9,-243.5,NA,NA
"28",-242,2026-01-01,"Projection",-240.7,-243.3,195570.007387691,4361429.00849739
"29",-241.8,2026-02-01,"Projection",-240.4,-243.2,NA,NA
"30",-241.7,2026-03-01,"Projection",-240.3,-243.1,NA,NA
"31",-241.6,2026-04-01,"Projection",-240.2,-243,NA,NA
"32",-241.6,2026-05-01,"Projection",-240.2,-243.1,NA,NA
"33",-241.8,2026-06-01,"Projection",-240.3,-243.2,NA,NA
"34",-242,2026-07-01,"Projection",-240.5,-243.5,195570.007387691,4361429.00849739
"35",-242.3,2026-08-01,"Projection",-240.8,-243.9,NA,NA
"36",-242.6,2026-09-01,"Projection",-241,-244.2,NA,NA
"37",-242.8,2026-10-01,"Projection",-241.2,-244.4,NA,NA
"38",-242.9,2026-11-01,"Projection",-241.3,-244.6,NA,NA
"39",-242.9,2026-12-01,"Projection",-241.2,-244.5,NA,NA
"40",-242.7,2027-01-01,"Projection",-241,-244.4,NA,NA
"41",-242.5,2027-02-01,"Projection",-240.8,-244.2,NA,NA
"42",-242.3,2027-03-01,"Projection",-240.6,-244.1,NA,NA
"43",-242.3,2027-04-01,"Projection",-240.5,-244,NA,NA
"44",-242.3,2027-05-01,"Projection",-240.5,-244.1,NA,NA
"45",-242.4,2027-06-01,"Projection",-240.6,-244.3,NA,NA
"46",-242.7,2027-07-01,"Projection",-240.8,-244.6,NA,NA
"47",-243,2027-08-01,"Projection",-241.1,-244.9,191896.735403666,4168717.72066759
"48",-243.3,2027-09-01,"Projection",-241.4,-245.2,NA,NA
"49",-243.5,2027-10-01,"Projection",-241.6,-245.5,NA,NA
"50",-243.6,2027-11-01,"Projection",-241.6,-245.6,NA,NA
"51",-243.5,2027-12-01,"Projection",-241.5,-245.6,NA,NA
"52",-243.4,2028-01-01,"Projection",-241.3,-245.4,NA,NA
"53",-243.2,2028-02-01,"Projection",-241.1,-245.3,NA,NA
"54",-243,2028-03-01,"Projection",-240.9,-245.1,191896.735403666,4168717.72066759
"55",-242.9,2028-04-01,"Projection",-240.8,-245.1,NA,NA
"56",-243,2028-05-01,"Projection",-240.8,-245.2,191896.735403666,4168717.72066759
"57",-243.1,2028-06-01,"Projection",-240.9,-245.3,NA,NA
"58",-243.4,2028-07-01,"Projection",-241.1,-245.6,NA,NA
"59",-243.7,2028-08-01,"Projection",-241.4,-245.9,NA,NA
"60",-244,2028-09-01,"Projection",-241.7,-246.3,187749.048423271,3978895.81868793
"61",-244.2,2028-10-01,"Projection",-241.9,-246.5,NA,NA
"62",-244.3,2028-11-01,"Projection",-241.9,-246.6,NA,NA
"63",-244.2,2028-12-01,"Projection",-241.8,-246.6,NA,NA
"64",-244,2029-01-01,"Projection",-241.6,-246.5,187749.048423271,3978895.81868793
"65",-243.8,2029-02-01,"Projection",-241.4,-246.3,NA,NA
"66",-243.7,2029-03-01,"Projection",-241.2,-246.2,NA,NA
"67",-243.6,2029-04-01,"Projection",-241.1,-246.1,NA,NA
"68",-243.7,2029-05-01,"Projection",-241.1,-246.2,NA,NA
"69",-243.8,2029-06-01,"Projection",-241.2,-246.4,NA,NA
"70",-244,2029-07-01,"Projection",-241.4,-246.7,187749.048423271,3978895.81868793
"71",-244.4,2029-08-01,"Projection",-241.7,-247,NA,NA
"72",-244.6,2029-09-01,"Projection",-242,-247.3,NA,NA
"73",-244.9,2029-10-01,"Projection",-242.2,-247.6,NA,NA
"74",-244.9,2029-11-01,"Projection",-242.2,-247.7,NA,NA
"75",-244.9,2029-12-01,"Projection",-242.1,-247.7,NA,NA
"76",-244.7,2030-01-01,"Projection",-241.9,-247.5,NA,NA
"77",-244.5,2030-02-01,"Projection",-241.7,-247.4,NA,NA
"78",-244.4,2030-03-01,"Projection",-241.5,-247.2,NA,NA
"79",-244.3,2030-04-01,"Projection",-241.4,-247.2,NA,NA
"80",-244.3,2030-05-01,"Projection",-241.4,-247.3,NA,NA
"81",-244.5,2030-06-01,"Projection",-241.5,-247.4,NA,NA
"82",-244.7,2030-07-01,"Projection",-241.7,-247.7,NA,NA
"83",-245,2030-08-01,"Projection",-242,-248,183660.127144745,3793204.67801594
"84",-245.3,2030-09-01,"Projection",-242.3,-248.4,NA,NA
"85",-245.6,2030-10-01,"Projection",-242.5,-248.6,NA,NA
"86",-245.6,2030-11-01,"Projection",-242.5,-248.7,NA,NA
"87",-245.6,2030-12-01,"Projection",-242.4,-248.7,NA,NA
"88",-245.4,2031-01-01,"Projection",-242.2,-248.6,NA,NA
"89",-245.2,2031-02-01,"Projection",-242,-248.4,NA,NA
"90",-245.1,2031-03-01,"Projection",-241.8,-248.3,NA,NA
"91",-245,2031-04-01,"Projection",-241.7,-248.2,183660.127144745,3793204.67801594
"92",-245,2031-05-01,"Projection",-241.7,-248.3,183660.127144745,3793204.67801594
"93",-245.2,2031-06-01,"Projection",-241.8,-248.5,NA,NA
"94",-245.4,2031-07-01,"Projection",-242,-248.8,NA,NA
"95",-245.7,2031-08-01,"Projection",-242.3,-249.1,NA,NA
"96",-246,2031-09-01,"Projection",-242.6,-249.4,179909.674087002,3611757.34378435
"97",-246.2,2031-10-01,"Projection",-242.8,-249.7,NA,NA
"98",-246.3,2031-11-01,"Projection",-242.8,-249.8,NA,NA
"99",-246.2,2031-12-01,"Projection",-242.7,-249.8,NA,NA
"100",-246.1,2032-01-01,"Projection",-242.5,-249.6,NA,NA
"101",-245.9,2032-02-01,"Projection",-242.3,-249.5,NA,NA
"102",-245.7,2032-03-01,"Projection",-242.1,-249.4,NA,NA
"103",-245.6,2032-04-01,"Projection",-242,-249.3,NA,NA
"104",-245.7,2032-05-01,"Projection",-242,-249.4,NA,NA
"105",-245.8,2032-06-01,"Projection",-242.1,-249.6,NA,NA
"106",-246.1,2032-07-01,"Projection",-242.3,-249.8,NA,NA
"107",-246.4,2032-08-01,"Projection",-242.6,-250.2,NA,NA
"108",-246.7,2032-09-01,"Projection",-242.9,-250.5,NA,NA
"109",-246.9,2032-10-01,"Projection",-243,-250.8,NA,NA
"110",-247,2032-11-01,"Projection",-243.1,-250.9,176162.478821446,3433234.20774142
"111",-246.9,2032-12-01,"Projection",-243,-250.8,NA,NA
"112",-246.7,2033-01-01,"Projection",-242.8,-250.7,NA,NA
"113",-246.6,2033-02-01,"Projection",-242.6,-250.6,NA,NA
"114",-246.4,2033-03-01,"Projection",-242.4,-250.4,NA,NA
"115",-246.3,2033-04-01,"Projection",-242.3,-250.4,NA,NA
"116",-246.4,2033-05-01,"Projection",-242.3,-250.5,NA,NA
"117",-246.5,2033-06-01,"Projection",-242.4,-250.6,NA,NA
"118",-246.8,2033-07-01,"Projection",-242.6,-250.9,NA,NA
"119",-247.1,2033-08-01,"Projection",-242.9,-251.3,NA,NA
"120",-247.4,2033-09-01,"Projection",-243.1,-251.6,NA,NA
"121",-247.6,2033-10-01,"Projection",-243.3,-251.9,NA,NA
"122",-247.7,2033-11-01,"Projection",-243.4,-252,NA,NA
"123",-247.6,2033-12-01,"Projection",-243.3,-251.9,NA,NA
"124",-247.4,2034-01-01,"Projection",-243,-251.8,NA,NA
"125",-247.2,2034-02-01,"Projection",-242.8,-251.6,NA,NA
"126",-247.1,2034-03-01,"Projection",-242.6,-251.5,NA,NA
"127",-247,2034-04-01,"Projection",-242.5,-251.5,176162.478821446,3433234.20774142
"128",-247,2034-05-01,"Projection",-242.5,-251.6,176162.478821446,3433234.20774142
"129",-247.2,2034-06-01,"Projection",-242.6,-251.7,NA,NA
"130",-247.4,2034-07-01,"Projection",-242.9,-252,NA,NA
"131",-247.7,2034-08-01,"Projection",-243.1,-252.4,NA,NA
"132",-248,2034-09-01,"Projection",-243.4,-252.7,172579.313679534,3258871.6099629
"133",-248.3,2034-10-01,"Projection",-243.6,-252.9,NA,NA
"134",-248.3,2034-11-01,"Projection",-243.6,-253.1,NA,NA
"135",-248.3,2034-12-01,"Projection",-243.5,-253,NA,NA
"136",-248.1,2035-01-01,"Projection",-243.3,-252.9,NA,NA
"137",-247.9,2035-02-01,"Projection",-243.1,-252.7,NA,NA
"138",-247.8,2035-03-01,"Projection",-242.9,-252.6,NA,NA
"139",-247.7,2035-04-01,"Projection",-242.8,-252.6,NA,NA
"140",-247.7,2035-05-01,"Projection",-242.8,-252.7,NA,NA
"141",-247.9,2035-06-01,"Projection",-242.9,-252.8,NA,NA
"142",-248.1,2035-07-01,"Projection",-243.1,-253.1,NA,NA
"143",-248.4,2035-08-01,"Projection",-243.4,-253.5,NA,NA
"144",-248.7,2035-09-01,"Projection",-243.6,-253.8,NA,NA
"145",-248.9,2035-10-01,"Projection",-243.8,-254,NA,NA
"146",-249,2035-11-01,"Projection",-243.9,-254.2,169325.393098831,3088327.20843571
"147",-249,2035-12-01,"Projection",-243.8,-254.1,169325.393098831,3088327.20843571
"148",-248.8,2036-01-01,"Projection",-243.6,-254,NA,NA
"149",-248.6,2036-02-01,"Projection",-243.3,-253.8,NA,NA
"150",-248.4,2036-03-01,"Projection",-243.2,-253.7,NA,NA
"151",-248.4,2036-04-01,"Projection",-243,-253.7,NA,NA
"152",-248.4,2036-05-01,"Projection",-243,-253.8,NA,NA
"153",-248.5,2036-06-01,"Projection",-243.1,-253.9,NA,NA
"154",-248.8,2036-07-01,"Projection",-243.4,-254.2,NA,NA
"155",-249.1,2036-08-01,"Projection",-243.6,-254.6,NA,NA
"156",-249.4,2036-09-01,"Projection",-243.9,-254.9,NA,NA
"157",-249.6,2036-10-01,"Projection",-244.1,-255.2,NA,NA
"158",-249.7,2036-11-01,"Projection",-244.1,-255.3,NA,NA
"159",-249.6,2036-12-01,"Projection",-244,-255.2,NA,NA
"160",-249.5,2037-01-01,"Projection",-243.8,-255.1,NA,NA
"161",-249.3,2037-02-01,"Projection",-243.6,-255,NA,NA
"162",-249.1,2037-03-01,"Projection",-243.4,-254.9,NA,NA
"163",-249,2037-04-01,"Projection",-243.3,-254.8,169325.393098831,3088327.20843571
"164",-249.1,2037-05-01,"Projection",-243.3,-254.9,NA,NA
"165",-249.2,2037-06-01,"Projection",-243.4,-255.1,NA,NA
"166",-249.5,2037-07-01,"Projection",-243.6,-255.3,NA,NA
"167",-249.8,2037-08-01,"Projection",-243.9,-255.7,NA,NA
"168",-250.1,2037-09-01,"Projection",-244.1,-256,NA,NA
"169",-250.3,2037-10-01,"Projection",-244.3,-256.3,NA,NA
"170",-250.4,2037-11-01,"Projection",-244.4,-256.4,NA,NA
"171",-250.3,2037-12-01,"Projection",-244.2,-256.4,NA,NA
"172",-250.1,2038-01-01,"Projection",-244,-256.2,NA,NA
"173",-249.9,2038-02-01,"Projection",-243.8,-256.1,NA,NA
"174",-249.8,2038-03-01,"Projection",-243.6,-256,NA,NA
"175",-249.7,2038-04-01,"Projection",-243.5,-255.9,NA,NA
"176",-249.8,2038-05-01,"Projection",-243.5,-256,NA,NA
"177",-249.9,2038-06-01,"Projection",-243.6,-256.2,NA,NA
"178",-250.1,2038-07-01,"Projection",-243.8,-256.5,NA,NA
"179",-250.5,2038-08-01,"Projection",-244.1,-256.8,NA,NA
"180",-250.7,2038-09-01,"Projection",-244.3,-257.1,NA,NA
"181",-251,2038-10-01,"Projection",-244.5,-257.4,163385.813678929,2755878.17907197
"182",-251.1,2038-11-01,"Projection",-244.6,-257.5,NA,NA
"183",-251,2038-12-01,"Projection",-244.5,-257.5,163385.813678929,2755878.17907197
"184",-250.8,2039-01-01,"Projection",-244.3,-257.4,NA,NA
"185",-250.6,2039-02-01,"Projection",-244,-257.2,NA,NA
"186",-250.5,2039-03-01,"Projection",-243.8,-257.1,NA,NA
"187",-250.4,2039-04-01,"Projection",-243.7,-257.1,NA,NA
"188",-250.4,2039-05-01,"Projection",-243.7,-257.2,NA,NA
"189",-250.6,2039-06-01,"Projection",-243.8,-257.3,NA,NA
"190",-250.8,2039-07-01,"Projection",-244,-257.6,NA,NA
"191",-251.1,2039-08-01,"Projection",-244.3,-258,NA,NA
"192",-251.4,2039-09-01,"Projection",-244.6,-258.3,NA,NA
"193",-251.7,2039-10-01,"Projection",-244.8,-258.6,NA,NA
"194",-251.7,2039-11-01,"Projection",-244.8,-258.7,NA,NA
"195",-251.7,2039-12-01,"Projection",-244.7,-258.7,NA,NA
"196",-251.5,2040-01-01,"Projection",-244.5,-258.5,NA,NA
"197",-251.3,2040-02-01,"Projection",-244.2,-258.4,NA,NA
"198",-251.2,2040-03-01,"Projection",-244.1,-258.3,NA,NA
"199",-251.1,2040-04-01,"Projection",-243.9,-258.2,NA,NA
"200",-251.1,2040-05-01,"Projection",-243.9,-258.3,NA,NA
"201",-251.3,2040-06-01,"Projection",-244,-258.5,NA,NA
"202",-251.5,2040-07-01,"Projection",-244.2,-258.8,NA,NA
"203",-251.8,2040-08-01,"Projection",-244.5,-259.1,NA,NA
"204",-252.1,2040-09-01,"Projection",-244.8,-259.4,NA,NA
"205",-252.3,2040-10-01,"Projection",-245,-259.7,NA,NA
"206",-252.4,2040-11-01,"Projection",-245,-259.8,NA,NA
"207",-252.3,2040-12-01,"Projection",-244.9,-259.8,NA,NA
"208",-252.2,2041-01-01,"Projection",-244.7,-259.7,NA,NA
"209",-252,2041-02-01,"Projection",-244.4,-259.5,160494.76460712,2594228.42693056
"210",-251.8,2041-03-01,"Projection",-244.3,-259.4,NA,NA
"211",-251.8,2041-04-01,"Projection",-244.1,-259.4,NA,NA
"212",-251.8,2041-05-01,"Projection",-244.1,-259.5,NA,NA
"213",-251.9,2041-06-01,"Projection",-244.2,-259.6,NA,NA
"214",-252.2,2041-07-01,"Projection",-244.4,-259.9,NA,NA
"215",-252.5,2041-08-01,"Projection",-244.7,-260.3,NA,NA
"216",-252.8,2041-09-01,"Projection",-245,-260.6,NA,NA
"217",-253,2041-10-01,"Projection",-245.2,-260.9,157647.867663765,2434872.77790014
"218",-253.1,2041-11-01,"Projection",-245.2,-261,NA,NA
"219",-253,2041-12-01,"Projection",-245.1,-261,157647.867663765,2434872.77790014
"220",-252.8,2042-01-01,"Projection",-244.9,-260.8,NA,NA
"221",-252.7,2042-02-01,"Projection",-244.6,-260.7,NA,NA
"222",-252.5,2042-03-01,"Projection",-244.4,-260.6,NA,NA
"223",-252.4,2042-04-01,"Projection",-244.3,-260.5,NA,NA
"224",-252.5,2042-05-01,"Projection",-244.3,-260.6,NA,NA
"225",-252.6,2042-06-01,"Projection",-244.4,-260.8,NA,NA
"226",-252.9,2042-07-01,"Projection",-244.6,-261.1,NA,NA
"227",-253.2,2042-08-01,"Projection",-244.9,-261.4,NA,NA
"228",-253.5,2042-09-01,"Projection",-245.2,-261.8,NA,NA
"229",-253.7,2042-10-01,"Projection",-245.3,-262,NA,NA
"230",-253.8,2042-11-01,"Projection",-245.4,-262.2,NA,NA
"231",-253.7,2042-12-01,"Projection",-245.3,-262.1,NA,NA
"232",-253.5,2043-01-01,"Projection",-245,-262,NA,NA
"233",-253.3,2043-02-01,"Projection",-244.8,-261.9,NA,NA
"234",-253.2,2043-03-01,"Projection",-244.6,-261.8,NA,NA
"235",-253.1,2043-04-01,"Projection",-244.5,-261.7,NA,NA
"236",-253.2,2043-05-01,"Projection",-244.5,-261.8,NA,NA
"237",-253.3,2043-06-01,"Projection",-244.6,-262,NA,NA
"238",-253.5,2043-07-01,"Projection",-244.8,-262.3,NA,NA
"239",-253.8,2043-08-01,"Projection",-245.1,-262.6,NA,NA
"240",-254.1,2043-09-01,"Projection",-245.3,-263,NA,NA
"241",-254.4,2043-10-01,"Projection",-245.5,-263.2,NA,NA
"242",-254.4,2043-11-01,"Projection",-245.5,-263.3,NA,NA
"243",-254.4,2043-12-01,"Projection",-245.4,-263.3,NA,NA
"244",-254.2,2044-01-01,"Projection",-245.2,-263.2,NA,NA
"245",-254,2044-02-01,"Projection",-245,-263,154623.306198927,2279490.33251513
"246",-253.9,2044-03-01,"Projection",-244.8,-262.9,NA,NA
"247",-253.8,2044-04-01,"Projection",-244.7,-262.9,NA,NA
"248",-253.8,2044-05-01,"Projection",-244.7,-263,NA,NA
"249",-254,2044-06-01,"Projection",-244.8,-263.2,154623.306198927,2279490.33251513
"250",-254.2,2044-07-01,"Projection",-245,-263.5,NA,NA
"251",-254.5,2044-08-01,"Projection",-245.2,-263.8,NA,NA
"252",-254.8,2044-09-01,"Projection",-245.5,-264.1,NA,NA
"253",-255,2044-10-01,"Projection",-245.7,-264.4,151520.341567053,2125903.45024844
"254",-255.1,2044-11-01,"Projection",-245.7,-264.5,NA,NA
"255",-255.1,2044-12-01,"Projection",-245.6,-264.5,NA,NA
"256",-254.9,2045-01-01,"Projection",-245.4,-264.4,NA,NA
"257",-254.7,2045-02-01,"Projection",-245.2,-264.2,NA,NA
"258",-254.5,2045-03-01,"Projection",-245,-264.1,NA,NA
"259",-254.5,2045-04-01,"Projection",-244.8,-264.1,NA,NA
"260",-254.5,2045-05-01,"Projection",-244.8,-264.2,NA,NA
"261",-254.6,2045-06-01,"Projection",-244.9,-264.4,NA,NA
"262",-254.9,2045-07-01,"Projection",-245.1,-264.6,NA,NA
"263",-255.2,2045-08-01,"Projection",-245.4,-265,NA,NA
"264",-255.5,2045-09-01,"Projection",-245.7,-265.3,NA,NA
"265",-255.7,2045-10-01,"Projection",-245.8,-265.6,NA,NA
"266",-255.8,2045-11-01,"Projection",-245.9,-265.7,NA,NA
"267",-255.7,2045-12-01,"Projection",-245.8,-265.7,NA,NA
"268",-255.6,2046-01-01,"Projection",-245.5,-265.6,NA,NA
"269",-255.4,2046-02-01,"Projection",-245.3,-265.4,NA,NA
"270",-255.2,2046-03-01,"Projection",-245.1,-265.3,NA,NA
"271",-255.1,2046-04-01,"Projection",-245,-265.3,NA,NA
"272",-255.2,2046-05-01,"Projection",-245,-265.4,NA,NA
"273",-255.3,2046-06-01,"Projection",-245.1,-265.6,NA,NA
"274",-255.6,2046-07-01,"Projection",-245.3,-265.9,NA,NA
"275",-255.9,2046-08-01,"Projection",-245.6,-266.2,NA,NA
"276",-256.2,2046-09-01,"Projection",-245.8,-266.5,NA,NA
"277",-256.4,2046-10-01,"Projection",-246,-266.8,NA,NA
"278",-256.5,2046-11-01,"Projection",-246,-266.9,NA,NA
"279",-256.4,2046-12-01,"Projection",-245.9,-266.9,NA,NA
"280",-256.2,2047-01-01,"Projection",-245.7,-266.8,NA,NA
"281",-256,2047-02-01,"Projection",-245.5,-266.6,148352.431119741,1976918.79106978
"282",-255.9,2047-03-01,"Projection",-245.3,-266.5,NA,NA
"283",-255.8,2047-04-01,"Projection",-245.1,-266.5,NA,NA
"284",-255.9,2047-05-01,"Projection",-245.1,-266.6,NA,NA
"285",-256,2047-06-01,"Projection",-245.2,-266.8,148352.431119741,1976918.79106978
"286",-256.2,2047-07-01,"Projection",-245.4,-267.1,NA,NA
"287",-256.6,2047-08-01,"Projection",-245.7,-267.4,NA,NA
"288",-256.9,2047-09-01,"Projection",-245.9,-267.8,NA,NA
"289",-257.1,2047-10-01,"Projection",-246.1,-268,NA,NA
"290",-257.2,2047-11-01,"Projection",-246.2,-268.2,NA,NA
"291",-257.1,2047-12-01,"Projection",-246,-268.1,NA,NA
"292",-256.9,2048-01-01,"Projection",-245.8,-268,NA,NA
"293",-256.7,2048-02-01,"Projection",-245.6,-267.9,NA,NA
"294",-256.6,2048-03-01,"Projection",-245.4,-267.8,NA,NA
"295",-256.5,2048-04-01,"Projection",-245.3,-267.7,NA,NA
"296",-256.5,2048-05-01,"Projection",-245.3,-267.8,NA,NA
"297",-256.7,2048-06-01,"Projection",-245.4,-268,NA,NA
"298",-256.9,2048-07-01,"Projection",-245.6,-268.3,NA,NA
"299",-257.2,2048-08-01,"Projection",-245.8,-268.6,NA,NA
"300",-257.5,2048-09-01,"Projection",-246.1,-269,NA,NA
"301",-257.8,2048-10-01,"Projection",-246.3,-269.3,NA,NA
"302",-257.8,2048-11-01,"Projection",-246.3,-269.4,NA,NA
"303",-257.8,2048-12-01,"Projection",-246.2,-269.4,NA,NA
"304",-257.6,2049-01-01,"Projection",-246,-269.2,NA,NA
"305",-257.4,2049-02-01,"Projection",-245.7,-269.1,NA,NA
"306",-257.3,2049-03-01,"Projection",-245.5,-269,NA,NA
"307",-257.2,2049-04-01,"Projection",-245.4,-269,NA,NA
"308",-257.2,2049-05-01,"Projection",-245.4,-269,NA,NA
"309",-257.4,2049-06-01,"Projection",-245.5,-269.2,NA,NA
"310",-257.6,2049-07-01,"Projection",-245.7,-269.5,NA,NA
"311",-257.9,2049-08-01,"Projection",-246,-269.9,NA,NA
"312",-258.2,2049-09-01,"Projection",-246.2,-270.2,NA,NA
"313",-258.4,2049-10-01,"Projection",-246.4,-270.5,NA,NA
"314",-258.5,2049-11-01,"Projection",-246.4,-270.6,NA,NA
"315",-258.4,2049-12-01,"Projection",-246.3,-270.6,NA,NA
"316",-258.3,2050-01-01,"Projection",-246.1,-270.5,NA,NA
"317",-258.1,2050-02-01,"Projection",-245.8,-270.3,NA,NA
"318",-257.9,2050-03-01,"Projection",-245.6,-270.2,NA,NA
"319",-257.9,2050-04-01,"Projection",-245.5,-270.2,NA,NA
"320",-257.9,2050-05-01,"Projection",-245.5,-270.3,NA,NA
"321",-258,2050-06-01,"Projection",-245.6,-270.5,141853.474296996,1688028.62115367
"322",-258.3,2050-07-01,"Projection",-245.8,-270.8,NA,NA
"323",-258.6,2050-08-01,"Projection",-246.1,-271.1,NA,NA
"324",-258.9,2050-09-01,"Projection",-246.3,-271.5,NA,NA
"325",-259.1,2050-10-01,"Projection",-246.5,-271.7,NA,NA
"326",-259.2,2050-11-01,"Projection",-246.5,-271.9,NA,NA
"327",-259.1,2050-12-01,"Projection",-246.4,-271.8,NA,NA
"328",-258.9,2051-01-01,"Projection",-246.2,-271.7,NA,NA
"329",-258.8,2051-02-01,"Projection",-246,-271.6,NA,NA
"330",-258.6,2051-03-01,"Projection",-245.8,-271.5,NA,NA
"331",-258.5,2051-04-01,"Projection",-245.6,-271.4,NA,NA
"332",-258.6,2051-05-01,"Projection",-245.6,-271.5,NA,NA
"333",-258.7,2051-06-01,"Projection",-245.7,-271.7,NA,NA
"334",-259,2051-07-01,"Projection",-245.9,-272,138591.470874729,1548343.19475578
"335",-259.3,2051-08-01,"Projection",-246.2,-272.4,NA,NA
"336",-259.6,2051-09-01,"Projection",-246.4,-272.7,NA,NA
"337",-259.8,2051-10-01,"Projection",-246.6,-273,NA,NA
"338",-259.9,2051-11-01,"Projection",-246.6,-273.1,NA,NA
"339",-259.8,2051-12-01,"Projection",-246.5,-273.1,NA,NA
"340",-259.6,2052-01-01,"Projection",-246.3,-273,NA,NA
"341",-259.4,2052-02-01,"Projection",-246.1,-272.8,NA,NA
"342",-259.3,2052-03-01,"Projection",-245.9,-272.7,NA,NA
"343",-259.2,2052-04-01,"Projection",-245.7,-272.7,NA,NA
"344",-259.3,2052-05-01,"Projection",-245.7,-272.8,NA,NA
"345",-259.4,2052-06-01,"Projection",-245.8,-273,NA,NA
"346",-259.6,2052-07-01,"Projection",-246,-273.3,NA,NA
"347",-260,2052-08-01,"Projection",-246.3,-273.6,135207.112892504,1412285.7947549
"348",-260.2,2052-09-01,"Projection",-246.5,-274,NA,NA
"349",-260.5,2052-10-01,"Projection",-246.7,-274.2,NA,NA
"350",-260.5,2052-11-01,"Projection",-246.7,-274.4,NA,NA
"351",-260.5,2052-12-01,"Projection",-246.6,-274.3,NA,NA
"352",-260.3,2053-01-01,"Projection",-246.4,-274.2,NA,NA
"353",-260.1,2053-02-01,"Projection",-246.2,-274.1,NA,NA
"354",-260,2053-03-01,"Projection",-246,-274,135207.112892504,1412285.7947549
"355",-259.9,2053-04-01,"Projection",-245.8,-273.9,NA,NA
"356",-259.9,2053-05-01,"Projection",-245.8,-274,NA,NA
"357",-260.1,2053-06-01,"Projection",-245.9,-274.2,NA,NA
"358",-260.3,2053-07-01,"Projection",-246.1,-274.5,NA,NA
"359",-260.6,2053-08-01,"Projection",-246.4,-274.9,NA,NA
"360",-260.9,2053-09-01,"Projection",-246.6,-275.2,NA,NA
"361",-228.2,1987-10-01,"History",NA,NA,NA,NA
"362",-228.1,1987-11-01,"History",NA,NA,NA,NA
"363",-228.1,1987-12-01,"History",NA,NA,NA,NA
"364",-227.9,1988-01-01,"History",NA,NA,NA,NA
"365",-227.7,1988-02-01,"History",NA,NA,NA,NA
"366",-227.5,1988-03-01,"History",NA,NA,NA,NA
"367",-227.2,1988-04-01,"History",NA,NA,NA,NA
"368",-227.2,1988-05-01,"History",NA,NA,NA,NA
"369",-227.2,1988-06-01,"History",NA,NA,NA,NA
"370",-227.4,1988-07-01,"History",NA,NA,NA,NA
"371",-227.6,1988-08-01,"History",NA,NA,NA,NA
"372",-227.8,1988-09-01,"History",NA,NA,NA,NA
"373",-228.1,1988-10-01,"History",NA,NA,NA,NA
"374",-228,1988-11-01,"History",NA,NA,231998.396024941,7381447.73145579
"375",-228.2,1988-12-01,"History",NA,NA,NA,NA
"376",-228.1,1989-01-01,"History",NA,NA,NA,NA
"377",-227.9,1989-02-01,"History",NA,NA,NA,NA
"378",-227.8,1989-03-01,"History",NA,NA,NA,NA
"379",-227.5,1989-04-01,"History",NA,NA,NA,NA
"380",-227.4,1989-05-01,"History",NA,NA,NA,NA
"381",-227.5,1989-06-01,"History",NA,NA,NA,NA
"382",-227.8,1989-07-01,"History",NA,NA,NA,NA
"383",-228,1989-08-01,"History",NA,NA,231998.396024941,7381447.73145579
"384",-228.3,1989-09-01,"History",NA,NA,NA,NA
"385",-228.6,1989-10-01,"History",NA,NA,NA,NA
"386",-228.7,1989-11-01,"History",NA,NA,NA,NA
"387",-228.6,1989-12-01,"History",NA,NA,NA,NA
"388",-228.4,1990-01-01,"History",NA,NA,NA,NA
"389",-228.2,1990-02-01,"History",NA,NA,NA,NA
"390",-228.1,1990-03-01,"History",NA,NA,NA,NA
"391",-227.8,1990-04-01,"History",NA,NA,NA,NA
"392",-227.8,1990-05-01,"History",NA,NA,NA,NA
"393",-227.9,1990-06-01,"History",NA,NA,NA,NA
"394",-228,1990-07-01,"History",NA,NA,231998.396024941,7381447.73145579
"395",-228.2,1990-08-01,"History",NA,NA,NA,NA
"396",-228.5,1990-09-01,"History",NA,NA,NA,NA
"397",-228.6,1990-10-01,"History",NA,NA,NA,NA
"398",-228.7,1990-11-01,"History",NA,NA,NA,NA
"399",-228.8,1990-12-01,"History",NA,NA,NA,NA
"400",-228.7,1991-01-01,"History",NA,NA,NA,NA
"401",-228.4,1991-02-01,"History",NA,NA,NA,NA
"402",-228.1,1991-03-01,"History",NA,NA,NA,NA
"403",-227.9,1991-04-01,"History",NA,NA,NA,NA
"404",-227.8,1991-05-01,"History",NA,NA,NA,NA
"405",-227.9,1991-06-01,"History",NA,NA,NA,NA
"406",-228.1,1991-07-01,"History",NA,NA,NA,NA
"407",-228.2,1991-08-01,"History",NA,NA,NA,NA
"408",-228.4,1991-09-01,"History",NA,NA,NA,NA
"409",-228.5,1991-10-01,"History",NA,NA,NA,NA
"410",-228.7,1991-11-01,"History",NA,NA,NA,NA
"411",-228.7,1991-12-01,"History",NA,NA,NA,NA
"412",-228.6,1992-01-01,"History",NA,NA,NA,NA
"413",-228.4,1992-02-01,"History",NA,NA,NA,NA
"414",-228,1992-03-01,"History",NA,NA,231998.396024941,7381447.73145579
"415",-227.5,1992-04-01,"History",NA,NA,NA,NA
"416",-227.3,1992-05-01,"History",NA,NA,NA,NA
"417",-227.3,1992-06-01,"History",NA,NA,NA,NA
"418",-227.7,1992-07-01,"History",NA,NA,NA,NA
"419",-228,1992-08-01,"History",NA,NA,231998.396024941,7381447.73145579
"420",-228.2,1992-09-01,"History",NA,NA,NA,NA
"421",-228.5,1992-10-01,"History",NA,NA,NA,NA
"422",-228.6,1992-11-01,"History",NA,NA,NA,NA
"423",-228.6,1992-12-01,"History",NA,NA,NA,NA
"424",-228.6,1993-01-01,"History",NA,NA,NA,NA
"425",-227.7,1993-02-01,"History",NA,NA,NA,NA
"426",-227.2,1993-03-01,"History",NA,NA,NA,NA
"427",-227,1993-04-01,"History",NA,NA,234142.959408052,7614518.40917228
"428",-226.9,1993-05-01,"History",NA,NA,NA,NA
"429",-227,1993-06-01,"History",NA,NA,234142.959408052,7614518.40917228
"430",-227.2,1993-07-01,"History",NA,NA,NA,NA
"431",-227.5,1993-08-01,"History",NA,NA,NA,NA
"432",-227.7,1993-09-01,"History",NA,NA,NA,NA
"433",-227.9,1993-10-01,"History",NA,NA,NA,NA
"434",-228,1993-11-01,"History",NA,NA,231998.396024941,7381447.73145579
"435",-228,1993-12-01,"History",NA,NA,231998.396024941,7381447.73145579
"436",-227.9,1994-01-01,"History",NA,NA,NA,NA
"437",-227.6,1994-02-01,"History",NA,NA,NA,NA
"438",-227.5,1994-03-01,"History",NA,NA,NA,NA
"439",-227,1994-04-01,"History",NA,NA,234142.959408052,7614518.40917228
"440",-227,1994-05-01,"History",NA,NA,234142.959408052,7614518.40917228
"441",-227,1994-06-01,"History",NA,NA,234142.959408052,7614518.40917228
"442",-227,1994-07-01,"History",NA,NA,234142.959408052,7614518.40917228
"443",-227.2,1994-08-01,"History",NA,NA,NA,NA
"444",-227.4,1994-09-01,"History",NA,NA,NA,NA
"445",-227.6,1994-10-01,"History",NA,NA,NA,NA
"446",-227.8,1994-11-01,"History",NA,NA,NA,NA
"447",-227.9,1994-12-01,"History",NA,NA,NA,NA
"448",-227.6,1995-01-01,"History",NA,NA,NA,NA
"449",-227.2,1995-02-01,"History",NA,NA,NA,NA
"450",-227,1995-03-01,"History",NA,NA,234142.959408052,7614518.40917228
"451",-226.7,1995-04-01,"History",NA,NA,NA,NA
"452",-226.6,1995-05-01,"History",NA,NA,NA,NA
"453",-226.7,1995-06-01,"History",NA,NA,NA,NA
"454",-226.8,1995-07-01,"History",NA,NA,NA,NA
"455",-226.9,1995-08-01,"History",NA,NA,NA,NA
"456",-227.1,1995-09-01,"History",NA,NA,NA,NA
"457",-227.4,1995-10-01,"History",NA,NA,NA,NA
"458",-227.5,1995-11-01,"History",NA,NA,NA,NA
"459",-227.5,1995-12-01,"History",NA,NA,NA,NA
"460",-227.4,1996-01-01,"History",NA,NA,NA,NA
"461",-227.3,1996-02-01,"History",NA,NA,NA,NA
"462",-227.1,1996-03-01,"History",NA,NA,NA,NA
"463",-226.8,1996-04-01,"History",NA,NA,NA,NA
"464",-226.7,1996-05-01,"History",NA,NA,NA,NA
"465",-226.9,1996-06-01,"History",NA,NA,NA,NA
"466",-227.1,1996-07-01,"History",NA,NA,NA,NA
"467",-227.2,1996-08-01,"History",NA,NA,NA,NA
"468",-227.5,1996-09-01,"History",NA,NA,NA,NA
"469",-227.8,1996-10-01,"History",NA,NA,NA,NA
"470",-228.1,1996-11-01,"History",NA,NA,NA,NA
"471",-228.1,1996-12-01,"History",NA,NA,NA,NA
"472",-228,1997-01-01,"History",NA,NA,231998.396024941,7381447.73145579
"473",-227.8,1997-02-01,"History",NA,NA,NA,NA
"474",-227.6,1997-03-01,"History",NA,NA,NA,NA
"475",-227.4,1997-04-01,"History",NA,NA,NA,NA
"476",-227.2,1997-05-01,"History",NA,NA,NA,NA
"477",-227.2,1997-06-01,"History",NA,NA,NA,NA
"478",-227.5,1997-07-01,"History",NA,NA,NA,NA
"479",-227.6,1997-08-01,"History",NA,NA,NA,NA
"480",-227.8,1997-09-01,"History",NA,NA,NA,NA
"481",-227.9,1997-10-01,"History",NA,NA,NA,NA
"482",-228.1,1997-11-01,"History",NA,NA,NA,NA
"483",-228,1997-12-01,"History",NA,NA,231998.396024941,7381447.73145579
"484",-227.9,1998-01-01,"History",NA,NA,NA,NA
"485",-227.6,1998-02-01,"History",NA,NA,NA,NA
"486",-227.3,1998-03-01,"History",NA,NA,NA,NA
"487",-227.1,1998-04-01,"History",NA,NA,NA,NA
"488",-226.9,1998-05-01,"History",NA,NA,NA,NA
"489",-227,1998-06-01,"History",NA,NA,234142.959408052,7614518.40917228
"490",-227.2,1998-07-01,"History",NA,NA,NA,NA
"491",-227.3,1998-08-01,"History",NA,NA,NA,NA
"492",-227.4,1998-09-01,"History",NA,NA,NA,NA
"493",-227.8,1998-10-01,"History",NA,NA,NA,NA
"494",-228,1998-11-01,"History",NA,NA,231998.396024941,7381447.73145579
"495",-228,1998-12-01,"History",NA,NA,231998.396024941,7381447.73145579
"496",-227.9,1999-01-01,"History",NA,NA,NA,NA
"497",-227.6,1999-02-01,"History",NA,NA,NA,NA
"498",-227.4,1999-03-01,"History",NA,NA,NA,NA
"499",-227.3,1999-04-01,"History",NA,NA,NA,NA
"500",-227.2,1999-05-01,"History",NA,NA,NA,NA
"501",-227.2,1999-06-01,"History",NA,NA,NA,NA
"502",-227.3,1999-07-01,"History",NA,NA,NA,NA
"503",-227.5,1999-08-01,"History",NA,NA,NA,NA
"504",-227.8,1999-09-01,"History",NA,NA,NA,NA
"505",-227.9,1999-10-01,"History",NA,NA,NA,NA
"506",-228,1999-11-01,"History",NA,NA,231998.396024941,7381447.73145579
"507",-228.1,1999-12-01,"History",NA,NA,NA,NA
"508",-228.1,2000-01-01,"History",NA,NA,NA,NA
"509",-227.8,2000-02-01,"History",NA,NA,NA,NA
"510",-227.6,2000-03-01,"History",NA,NA,NA,NA
"511",-227.4,2000-04-01,"History",NA,NA,NA,NA
"512",-227.3,2000-05-01,"History",NA,NA,NA,NA
"513",-227.3,2000-06-01,"History",NA,NA,NA,NA
"514",-227.5,2000-07-01,"History",NA,NA,NA,NA
"515",-227.7,2000-08-01,"History",NA,NA,NA,NA
"516",-227.9,2000-09-01,"History",NA,NA,NA,NA
"517",-228.2,2000-10-01,"History",NA,NA,NA,NA
"518",-228.4,2000-11-01,"History",NA,NA,NA,NA
"519",-228.4,2000-12-01,"History",NA,NA,NA,NA
"520",-228.2,2001-01-01,"History",NA,NA,NA,NA
"521",-228,2001-02-01,"History",NA,NA,231998.396024941,7381447.73145579
"522",-227.8,2001-03-01,"History",NA,NA,NA,NA
"523",-227.5,2001-04-01,"History",NA,NA,NA,NA
"524",-227.4,2001-05-01,"History",NA,NA,NA,NA
"525",-227.4,2001-06-01,"History",NA,NA,NA,NA
"526",-227.6,2001-07-01,"History",NA,NA,NA,NA
"527",-227.8,2001-08-01,"History",NA,NA,NA,NA
"528",-228.1,2001-09-01,"History",NA,NA,NA,NA
"529",-228.2,2001-10-01,"History",NA,NA,NA,NA
"530",-228.4,2001-11-01,"History",NA,NA,NA,NA
"531",-228.4,2001-12-01,"History",NA,NA,NA,NA
"532",-228.4,2002-01-01,"History",NA,NA,NA,NA
"533",-228.2,2002-02-01,"History",NA,NA,NA,NA
"534",-228,2002-03-01,"History",NA,NA,231998.396024941,7381447.73145579
"535",-227.8,2002-04-01,"History",NA,NA,NA,NA
"536",-227.8,2002-05-01,"History",NA,NA,NA,NA
"537",-227.8,2002-06-01,"History",NA,NA,NA,NA
"538",-227.9,2002-07-01,"History",NA,NA,NA,NA
"539",-228.1,2002-08-01,"History",NA,NA,NA,NA
"540",-228.4,2002-09-01,"History",NA,NA,NA,NA
"541",-228.6,2002-10-01,"History",NA,NA,NA,NA
"542",-228.8,2002-11-01,"History",NA,NA,NA,NA
"543",-228.7,2002-12-01,"History",NA,NA,NA,NA
"544",-228.6,2003-01-01,"History",NA,NA,NA,NA
"545",-228.4,2003-02-01,"History",NA,NA,NA,NA
"546",-228.2,2003-03-01,"History",NA,NA,NA,NA
"547",-228,2003-04-01,"History",NA,NA,231998.396024941,7381447.73145579
"548",-228.1,2003-05-01,"History",NA,NA,NA,NA
"549",-228,2003-06-01,"History",NA,NA,231998.396024941,7381447.73145579
"550",-228.3,2003-07-01,"History",NA,NA,NA,NA
"551",-228.4,2003-08-01,"History",NA,NA,NA,NA
"552",-228.5,2003-09-01,"History",NA,NA,NA,NA
"553",-228.7,2003-10-01,"History",NA,NA,NA,NA
"554",-228.9,2003-11-01,"History",NA,NA,NA,NA
"555",-229,2003-12-01,"History",NA,NA,229889.473390912,7150503.79674786
"556",-228.9,2004-01-01,"History",NA,NA,NA,NA
"557",-228.7,2004-02-01,"History",NA,NA,NA,NA
"558",-228.5,2004-03-01,"History",NA,NA,NA,NA
"559",-228.2,2004-04-01,"History",NA,NA,NA,NA
"560",-228.1,2004-05-01,"History",NA,NA,NA,NA
"561",-228.3,2004-06-01,"History",NA,NA,NA,NA
"562",-228.4,2004-07-01,"History",NA,NA,NA,NA
"563",-228.6,2004-08-01,"History",NA,NA,NA,NA
"564",-229,2004-09-01,"History",NA,NA,229889.473390912,7150503.79674786
"565",-229.3,2004-10-01,"History",NA,NA,NA,NA
"566",-229.4,2004-11-01,"History",NA,NA,NA,NA
"567",-229.4,2004-12-01,"History",NA,NA,NA,NA
"568",-229.1,2005-01-01,"History",NA,NA,NA,NA
"569",-228.7,2005-02-01,"History",NA,NA,NA,NA
"570",-228.2,2005-03-01,"History",NA,NA,NA,NA
"571",-228.1,2005-04-01,"History",NA,NA,NA,NA
"572",-228,2005-05-01,"History",NA,NA,231998.396024941,7381447.73145579
"573",-228,2005-06-01,"History",NA,NA,231998.396024941,7381447.73145579
"574",-228.3,2005-07-01,"History",NA,NA,NA,NA
"575",-228.4,2005-08-01,"History",NA,NA,NA,NA
"576",-228.6,2005-09-01,"History",NA,NA,NA,NA
"577",-229,2005-10-01,"History",NA,NA,229889.473390912,7150503.79674786
"578",-229.1,2005-11-01,"History",NA,NA,NA,NA
"579",-229,2005-12-01,"History",NA,NA,229889.473390912,7150503.79674786
"580",-228.9,2006-01-01,"History",NA,NA,NA,NA
"581",-228.8,2006-02-01,"History",NA,NA,NA,NA
"582",-228.6,2006-03-01,"History",NA,NA,NA,NA
"583",-228.4,2006-04-01,"History",NA,NA,NA,NA
"584",-228.4,2006-05-01,"History",NA,NA,NA,NA
"585",-228.4,2006-06-01,"History",NA,NA,NA,NA
"586",-228.5,2006-07-01,"History",NA,NA,NA,NA
"587",-228.8,2006-08-01,"History",NA,NA,NA,NA
"588",-229.1,2006-09-01,"History",NA,NA,NA,NA
"589",-229.4,2006-10-01,"History",NA,NA,NA,NA
"590",-229.7,2006-11-01,"History",NA,NA,NA,NA
"591",-229.7,2006-12-01,"History",NA,NA,NA,NA
"592",-229.6,2007-01-01,"History",NA,NA,NA,NA
"593",-229.5,2007-02-01,"History",NA,NA,NA,NA
"594",-229.3,2007-03-01,"History",NA,NA,NA,NA
"595",-229,2007-04-01,"History",NA,NA,229889.473390912,7150503.79674786
"596",-228.9,2007-05-01,"History",NA,NA,NA,NA
"597",-228.8,2007-06-01,"History",NA,NA,NA,NA
"598",-229.1,2007-07-01,"History",NA,NA,NA,NA
"599",-229.2,2007-08-01,"History",NA,NA,NA,NA
"600",-229.4,2007-09-01,"History",NA,NA,NA,NA
"601",-229.9,2007-10-01,"History",NA,NA,NA,NA
"602",-230.1,2007-11-01,"History",NA,NA,NA,NA
"603",-230,2007-12-01,"History",NA,NA,227816.191930957,6921650.97856678
"604",-230.1,2008-01-01,"History",NA,NA,NA,NA
"605",-229.8,2008-02-01,"History",NA,NA,NA,NA
"606",-229.6,2008-03-01,"History",NA,NA,NA,NA
"607",-229.4,2008-04-01,"History",NA,NA,NA,NA
"608",-229.4,2008-05-01,"History",NA,NA,NA,NA
"609",-229.6,2008-06-01,"History",NA,NA,NA,NA
"610",-229.7,2008-07-01,"History",NA,NA,NA,NA
"611",-229.9,2008-08-01,"History",NA,NA,NA,NA
"612",-230.2,2008-09-01,"History",NA,NA,NA,NA
"613",-230.4,2008-10-01,"History",NA,NA,NA,NA
"614",-230.7,2008-11-01,"History",NA,NA,NA,NA
"615",-230.7,2008-12-01,"History",NA,NA,NA,NA
"616",-230.6,2009-01-01,"History",NA,NA,NA,NA
"617",-230.4,2009-02-01,"History",NA,NA,NA,NA
"618",-230.2,2009-03-01,"History",NA,NA,NA,NA
"619",-230.1,2009-04-01,"History",NA,NA,NA,NA
"620",-230.1,2009-05-01,"History",NA,NA,NA,NA
"621",-230.1,2009-06-01,"History",NA,NA,NA,NA
"622",-230.4,2009-07-01,"History",NA,NA,NA,NA
"623",-230.7,2009-08-01,"History",NA,NA,NA,NA
"624",-231.1,2009-09-01,"History",NA,NA,NA,NA
"625",-231.4,2009-10-01,"History",NA,NA,NA,NA
"626",-231.7,2009-11-01,"History",NA,NA,NA,NA
"627",-231.7,2009-12-01,"History",NA,NA,NA,NA
"628",-231.6,2010-01-01,"History",NA,NA,NA,NA
"629",-231,2010-02-01,"History",NA,NA,225763.650268804,6694522.14599952
"630",-230.8,2010-03-01,"History",NA,NA,NA,NA
"631",-230.7,2010-04-01,"History",NA,NA,NA,NA
"632",-230.7,2010-05-01,"History",NA,NA,NA,NA
"633",-230.9,2010-06-01,"History",NA,NA,NA,NA
"634",-231.1,2010-07-01,"History",NA,NA,NA,NA
"635",-231.3,2010-08-01,"History",NA,NA,NA,NA
"636",-231.7,2010-09-01,"History",NA,NA,NA,NA
"637",-231.9,2010-10-01,"History",NA,NA,NA,NA
"638",-231.9,2010-11-01,"History",NA,NA,NA,NA
"639",-231.9,2010-12-01,"History",NA,NA,NA,NA
"640",-231.6,2011-01-01,"History",NA,NA,NA,NA
"641",-231.4,2011-02-01,"History",NA,NA,NA,NA
"642",-231.2,2011-03-01,"History",NA,NA,NA,NA
"643",-231.1,2011-04-01,"History",NA,NA,NA,NA
"644",-231,2011-05-01,"History",NA,NA,225763.650268804,6694522.14599952
"645",-231.2,2011-06-01,"History",NA,NA,NA,NA
"646",-231.4,2011-07-01,"History",NA,NA,NA,NA
"647",-231.7,2011-08-01,"History",NA,NA,NA,NA
"648",-231.9,2011-09-01,"History",NA,NA,NA,NA
"649",-232,2011-10-01,"History",NA,NA,223745.742175473,6469767.46908118
"650",-232.3,2011-11-01,"History",NA,NA,NA,NA
"651",-232.3,2011-12-01,"History",NA,NA,NA,NA
"652",-232.1,2012-01-01,"History",NA,NA,NA,NA
"653",-231.9,2012-02-01,"History",NA,NA,NA,NA
"654",-231.8,2012-03-01,"History",NA,NA,NA,NA
"655",-231.6,2012-04-01,"History",NA,NA,NA,NA
"656",-231.3,2012-05-01,"History",NA,NA,NA,NA
"657",-231.4,2012-06-01,"History",NA,NA,NA,NA
"658",-231.7,2012-07-01,"History",NA,NA,NA,NA
"659",-231.8,2012-08-01,"History",NA,NA,NA,NA
"660",-232.1,2012-09-01,"History",NA,NA,NA,NA
"661",-232.2,2012-10-01,"History",NA,NA,NA,NA
"662",-232.4,2012-11-01,"History",NA,NA,NA,NA
"663",-232.3,2012-12-01,"History",NA,NA,NA,NA
"664",-232.2,2013-01-01,"History",NA,NA,NA,NA
"665",-232,2013-02-01,"History",NA,NA,223745.742175473,6469767.46908118
"666",-231.9,2013-03-01,"History",NA,NA,NA,NA
"667",-231.6,2013-04-01,"History",NA,NA,NA,NA
"668",-231.8,2013-05-01,"History",NA,NA,NA,NA
"669",-231.8,2013-06-01,"History",NA,NA,NA,NA
"670",-232,2013-07-01,"History",NA,NA,223745.742175473,6469767.46908118
"671",-232.4,2013-08-01,"History",NA,NA,NA,NA
"672",-231.9,2013-09-01,"History",NA,NA,NA,NA
"673",-232.6,2013-10-01,"History",NA,NA,NA,NA
"674",-233,2013-11-01,"History",NA,NA,221758.639145048,6247012.43215739
"675",-232.9,2013-12-01,"History",NA,NA,NA,NA
"676",-232.8,2014-01-01,"History",NA,NA,NA,NA
"677",-232.6,2014-02-01,"History",NA,NA,NA,NA
"678",-232.4,2014-03-01,"History",NA,NA,NA,NA
"679",-232.3,2014-04-01,"History",NA,NA,NA,NA
"680",-232.3,2014-05-01,"History",NA,NA,NA,NA
"681",-232.5,2014-06-01,"History",NA,NA,NA,NA
"682",-232.9,2014-07-01,"History",NA,NA,NA,NA
"683",-233.2,2014-08-01,"History",NA,NA,NA,NA
"684",-233.5,2014-09-01,"History",NA,NA,NA,NA
"685",-233.9,2014-10-01,"History",NA,NA,NA,NA
"686",-234,2014-11-01,"History",NA,NA,219654.998678981,6026519.33071815
"687",-234.1,2014-12-01,"History",NA,NA,NA,NA
"688",-234,2015-01-01,"History",NA,NA,219654.998678981,6026519.33071815
"689",-233.8,2015-02-01,"History",NA,NA,NA,NA
"690",-233.6,2015-03-01,"History",NA,NA,NA,NA
"691",-233.5,2015-04-01,"History",NA,NA,NA,NA
"692",-233.6,2015-05-01,"History",NA,NA,NA,NA
"693",-233.8,2015-06-01,"History",NA,NA,NA,NA
"694",-233.8,2015-07-01,"History",NA,NA,NA,NA
"695",-233.9,2015-08-01,"History",NA,NA,NA,NA
"696",-234.5,2015-09-01,"History",NA,NA,NA,NA
"697",-234.7,2015-10-01,"History",NA,NA,NA,NA
"698",-234.8,2015-11-01,"History",NA,NA,NA,NA
"699",-234.9,2015-12-01,"History",NA,NA,NA,NA
"700",-234.9,2016-01-01,"History",NA,NA,NA,NA
"701",-234.3,2016-02-01,"History",NA,NA,NA,NA
"702",-234,2016-03-01,"History",NA,NA,219654.998678981,6026519.33071815
"703",-234,2016-04-01,"History",NA,NA,219654.998678981,6026519.33071815
"704",-234,2016-05-01,"History",NA,NA,219654.998678981,6026519.33071815
"705",-234.2,2016-06-01,"History",NA,NA,NA,NA
"706",-234.4,2016-07-01,"History",NA,NA,NA,NA
"707",-234.9,2016-08-01,"History",NA,NA,NA,NA
"708",-235.3,2016-09-01,"History",NA,NA,NA,NA
"709",-235.8,2016-10-01,"History",NA,NA,NA,NA
"710",-235.7,2016-11-01,"History",NA,NA,NA,NA
"711",-235.7,2016-12-01,"History",NA,NA,NA,NA
"712",-235.5,2017-01-01,"History",NA,NA,NA,NA
"713",-235.2,2017-02-01,"History",NA,NA,NA,NA
"714",-234.8,2017-03-01,"History",NA,NA,NA,NA
"715",-234.9,2017-04-01,"History",NA,NA,NA,NA
"716",-234.9,2017-05-01,"History",NA,NA,NA,NA
"717",-235,2017-06-01,"History",NA,NA,217187.654275976,5808180.32436819
"718",-235.2,2017-07-01,"History",NA,NA,NA,NA
"719",-235.4,2017-08-01,"History",NA,NA,NA,NA
"720",-235.8,2017-09-01,"History",NA,NA,NA,NA
"721",-236.3,2017-10-01,"History",NA,NA,NA,NA
"722",-236.3,2017-11-01,"History",NA,NA,NA,NA
"723",-236.2,2017-12-01,"History",NA,NA,NA,NA
"724",-236.1,2018-01-01,"History",NA,NA,NA,NA
"725",-235.9,2018-02-01,"History",NA,NA,NA,NA
"726",-235.9,2018-03-01,"History",NA,NA,NA,NA
"727",-235.8,2018-04-01,"History",NA,NA,NA,NA
"728",-235.8,2018-05-01,"History",NA,NA,NA,NA
"729",-235.9,2018-06-01,"History",NA,NA,NA,NA
"730",-236.2,2018-07-01,"History",NA,NA,NA,NA
"731",-236.3,2018-08-01,"History",NA,NA,NA,NA
"732",-236.8,2018-09-01,"History",NA,NA,NA,NA
"733",-237.1,2018-10-01,"History",NA,NA,NA,NA
"734",-237.2,2018-11-01,"History",NA,NA,NA,NA
"735",-237.3,2018-12-01,"History",NA,NA,NA,NA
"736",-237.1,2019-01-01,"History",NA,NA,NA,NA
"737",-236.9,2019-02-01,"History",NA,NA,NA,NA
"738",-236.8,2019-03-01,"History",NA,NA,NA,NA
"739",-236.6,2019-04-01,"History",NA,NA,NA,NA
"740",-236.6,2019-05-01,"History",NA,NA,NA,NA
"741",-236.8,2019-06-01,"History",NA,NA,NA,NA
"742",-236.9,2019-07-01,"History",NA,NA,NA,NA
"743",-237,2019-08-01,"History",NA,NA,211805.28838613,5379015.04611819
"744",-237.6,2019-09-01,"History",NA,NA,NA,NA
"745",-237.7,2019-10-01,"History",NA,NA,NA,NA
"746",-237.9,2019-11-01,"History",NA,NA,NA,NA
"747",-238,2019-12-01,"History",NA,NA,208500.202516186,5169858.21111682
"748",-237.7,2020-01-01,"History",NA,NA,NA,NA
"749",-237.5,2020-02-01,"History",NA,NA,NA,NA
"750",-237.5,2020-03-01,"History",NA,NA,NA,NA
"751",-237.2,2020-04-01,"History",NA,NA,NA,NA
"752",-237,2020-05-01,"History",NA,NA,211805.28838613,5379015.04611819
"753",-237.2,2020-06-01,"History",NA,NA,NA,NA
"754",-237.4,2020-07-01,"History",NA,NA,NA,NA
"755",-237.8,2020-08-01,"History",NA,NA,NA,NA
"756",-238.1,2020-09-01,"History",NA,NA,NA,NA
"757",-238.4,2020-10-01,"History",NA,NA,NA,NA
"758",-238.6,2020-11-01,"History",NA,NA,NA,NA
"759",-238.6,2020-12-01,"History",NA,NA,NA,NA
"760",-238.5,2021-01-01,"History",NA,NA,NA,NA
"761",-238.3,2021-02-01,"History",NA,NA,NA,NA
"762",-238.2,2021-03-01,"History",NA,NA,NA,NA
"763",-238.1,2021-04-01,"History",NA,NA,NA,NA
"764",-238.1,2021-05-01,"History",NA,NA,NA,NA
"765",-238.1,2021-06-01,"History",NA,NA,NA,NA
"766",-238.3,2021-07-01,"History",NA,NA,NA,NA
"767",-238.5,2021-08-01,"History",NA,NA,NA,NA
"768",-238.9,2021-09-01,"History",NA,NA,NA,NA
"769",-239.2,2021-10-01,"History",NA,NA,NA,NA
"770",-239.3,2021-11-01,"History",NA,NA,NA,NA
"771",-239.2,2021-12-01,"History",NA,NA,NA,NA
"772",-239.2,2022-01-01,"History",NA,NA,NA,NA
"773",-239,2022-02-01,"History",NA,NA,205437.302114566,4963030.57263998
"774",-238.9,2022-03-01,"History",NA,NA,NA,NA
"775",-238.7,2022-04-01,"History",NA,NA,NA,NA
"776",-238.7,2022-05-01,"History",NA,NA,NA,NA
"777",-238.8,2022-06-01,"History",NA,NA,NA,NA
"778",-239,2022-07-01,"History",NA,NA,205437.302114566,4963030.57263998
"779",-239.3,2022-08-01,"History",NA,NA,NA,NA
"780",-239.7,2022-09-01,"History",NA,NA,NA,NA
"781",-239.9,2022-10-01,"History",NA,NA,NA,NA
"782",-240.1,2022-11-01,"History",NA,NA,NA,NA
"783",-240.2,2022-12-01,"History",NA,NA,NA,NA
"784",-240,2023-01-01,"History",NA,NA,202379.927883795,4759341.99701471
"785",-239.9,2023-02-01,"History",NA,NA,NA,NA
"786",-239.9,2023-03-01,"History",NA,NA,NA,NA
"787",-239.7,2023-04-01,"History",NA,NA,NA,NA
"788",-239.7,2023-05-01,"History",NA,NA,NA,NA
"789",-239.7,2023-06-01,"History",NA,NA,NA,NA
"790",-240,2023-07-01,"History",NA,NA,202379.927883795,4759341.99701471
"791",-240.3,2023-08-01,"History",NA,NA,NA,NA
"792",-240.6,2023-09-01,"History",NA,NA,NA,NA
"793",-240.8,2023-10-01,"History",NA,NA,NA,NA
"794",-241,2023-11-01,"History",NA,NA,199018.318869226,4557973.12119287
"795",-241,2023-12-01,"History",NA,NA,199018.318869226,4557973.12119287
"796",-240.7,2024-01-01,"History",NA,NA,NA,NA
"797",-240.5,2024-02-01,"History",NA,NA,NA,NA
"798",-240.4,2024-03-01,"History",NA,NA,NA,NA
"799",-240.3,2024-04-01,"History",NA,NA,NA,NA
"800",-240.3,2024-05-01,"History",NA,NA,NA,NA
"801",-240.4,2024-06-01,"History",NA,NA,NA,NA
"802",-240.7,2024-07-01,"History",NA,NA,NA,NA
"803",-241.1,2024-08-01,"History",NA,NA,NA,NA
"804",-241.6,2024-09-01,"History",NA,NA,NA,NA
